name,correlation_coefficient,normalized_standard_deviation,bias,normalized_root_mean_square_deviation
HOT Day,-0.5321542835134006,0.7383527296900956,-0.24543021251095729,1.5267612416935425
HOT Night,-0.46768061439310504,0.6478666654131259,-1.5057049335384944,1.423278109296974
