name,correlation_coefficient,normalized_standard_deviation,bias,normalized_root_mean_square_deviation
HOT Day,0.9430388226940081,0.7904052342956569,0.19417637126132753,0.3660256701370218
HOT Night,0.9189422116221437,1.0485413783326143,0.0679195012966139,0.4151399230513146
Original Day,0.76527624373704,1.0904331325833256,0.7775198894747717,0.7211652190281521
Original Night,0.7816689576347313,0.9321094452265478,-1.613795255259677,0.6415808452386155
