name,correlation_coefficient,normalized_standard_deviation,bias,normalized_root_mean_square_deviation
HOT Day,0.7758072639375233,0.7680016868852244,-0.21291837042213682,0.6310182376563241
HOT Night,0.8342756541326198,1.2206419168747742,0.013229139571425571,0.673248113184826
