name,correlation_coefficient,normalized_standard_deviation,bias,normalized_root_mean_square_deviation
HOT Day,0.8807605433933088,1.0403700956322282,0.22598205773512187,0.4997360046739001
HOT Night,0.8983651053591856,1.353732630407891,-0.03008778076094653,0.6326924373990589
Original Day,0.7716904715689834,1.0978974144401923,0.8219375912506901,0.7147760388170683
Original Night,0.7916009479267242,0.9263165667400638,-1.5483947092339228,0.6257125835347827
