name,correlation_coefficient,normalized_standard_deviation,bias,normalized_root_mean_square_deviation
HOT Day,0.8829457105231936,0.7520721344813309,-0.5609180284336654,0.4873753842518909
HOT Night,0.8485538048400992,1.5126514728618479,0.0911058807387366,0.8491066793773999
Original Day,0.76527624373704,1.0904331325833256,0.7775198894747717,0.7211652190281521
Original Night,0.7816689576347313,0.9321094452265478,-1.613795255259677,0.6415808452386155
