name,correlation_coefficient,normalized_standard_deviation,bias,normalized_root_mean_square_deviation
HOT Day,0.8538636130405541,0.960882987416807,0.03745222322489539,0.5313850551316016
HOT Night,0.9248188608974913,1.150895587233063,-0.14457856645058073,0.4425163959887532
Original Day,0.7795200798858419,1.1130114430829408,0.8049727859303322,0.7096230931852694
Original Night,0.799761974393508,0.9381850367207577,-1.5434647807794875,0.6160695808902203
