name,correlation_coefficient,normalized_standard_deviation,bias,normalized_root_mean_square_deviation
HOT Day,0.3310334282382578,0.5585099389685511,0.427226690061555,0.970650514151249
HOT Night,0.46443204559457213,0.533778809356054,-0.954471153197334,0.8883196773831022
