name,correlation_coefficient,normalized_standard_deviation,bias,normalized_root_mean_square_deviation
Barents Sea - Optimized,0.9294907898543167,1.04796685361073,-0.12172062447054839,0.3874060521716356
Barents Sea - Original,0.9014344201067559,0.7754712132038828,-0.288214818641875,0.4508688453863857
